Sentiment,SourceID,Tweet
FALSE,6.57E+17,correct predictions in back to the future ii URL
TRUE,6.16E+17,.@whitehouse in rainbow colors for #scotusmarriage? here's what i think about that decision: URL
FALSE,6.13E+17,cops bought the alleged church shooter burger king hours after killings URL
unverified,7.31E+17,🔥ca kkk grand wizard 🔥 endorses @hillaryclinton #neverhillary #trump2016 URL
unverified,7.15E+17,an open letter to trump voters from his top strategist-turned-defector URL via @xojanedotcom
TRUE,6.14E+17,god put a rainbow over the white house 🌈 URL
unverified,7.16E+17,craigslist ad: ‘get paid $15 an hour to protest at the trump rally’ - URL URL
non-rumor,6.93E+17,#quasimodo: dog with short spine has big heart URL URL
non-rumor,6.94E+17,need to #getcovered? most people can find a health insurance plan for as little as $75/mo: URL URL
FALSE,6.23E+17,#wakeupamerica🇺🇸 who needs a #gun registry when #obama has all your personal information URL URL
non-rumor,6.93E+17,japan's economy minister akira amari resigns over corruption allegations URL
non-rumor,6.93E+17,german shepherd with a rare spinal condition looking for a forever home. URL URL
TRUE,5.54E+17,several hostages freed at jewish supermarket in paris. photo thomas samson #afp URL
TRUE,5.54E+17,"hostage-taker in supermarket siege killed, reports say. #parisattacks URL URL"
FALSE,6.23E+17,in heaven chick-fil-a is open on sundays.
FALSE,6.57E+17,the 5 most accurate predictions from the decade-jumping adventures in #backtothefuture: URL URL
TRUE,6.16E+17,apologies if you've already seen a crow riding a bald eagle today. image: phoo chan story: URL URL
non-rumor,6.42E+17,"oh, you invented the pencil? #appleevent URL"
TRUE,5.25E+17,"the canadian soldier killed in today's ottawa shooting is cpl. nathan cirillo, a family source told cnn. live blog: URL"
FALSE,6.73E+17,thoughts and prayers are not enough. pres. obama speaks on mass shootings over the years: URL URL
TRUE,5.44E+17,five hostages escape sydney cafe siege — live updates from @buzzfeedoz URL URL
non-rumor,6.82E+17,"when she heard about south korean ""comfort women,"" @yunghi photographed some survivors URL URL"
FALSE,6.21E+17,translucent butterfly - beautiful! URL
FALSE,6.27E+17,everyone mad at bruce for his sex change but no one gave ashit about that nerd minkus changing into chanel west coast URL
FALSE,6.19E+17,family: @schwarzenegger's last act as governor stole justice from dead son. URL URL
FALSE,6.73E+17,why have there been more mass shootings under obama than the 4 previous presidents combined? URL URL
TRUE,5.54E+17,reports: #charliehebdo suspects killed URL
FALSE,5.95E+17,"the kissing islands, greenland. URL"
FALSE,6.13E+17,police chief says dylann roof was taken to burger king shortly after arrest URL
FALSE,6.63E+17,"steve jobs was adopted. his biological father was abdulfattah jandali, a syrian muslim."
non-rumor,7.67E+17,russian olympic officials concerned after learning team’s clean urine reservoir almost empty URL URL
non-rumor,6.93E+17,it's 2016. women should earn the same pay as men for doing the same work. URL #equalpay URL
TRUE,5.25E+17,breaking update: canadian soldier injured at parliament hill shooting dies URL #ottawa
FALSE,6.13E+17,cops bought burger king for dylann roof following his arrest URL URL
TRUE,5.44E+17,update: total of 5 people have been able to get out of sydney cafe during hostage situation: URL URL
unverified,7.07E+17,".@berniesanders: in 2016, ""we will end institutional racism and reform a broken criminal justice system.” #demdebate"
non-rumor,6.94E+17,our high school graduation rate is at an all-time high. —@potus URL URL
FALSE,6.04E+17,florida couple arrested for selling fake real estate on the moon #wtf15 👉🏿👉 URL URL
non-rumor,7.68E+17,i hate writing; i love having written. dorothy parker was born on this day in 1893: URL
non-rumor,6.93E+17,"watch one direction's original #xfactoruk auditions from 2010, where it all began URL URL"
FALSE,6.53E+17,"steve jobs was adopted. his biological father was abdulfattah jandali, a syrian muslim."
FALSE,6.74E+17,donald trump v adolf hitler URL
unverified,7.26E+17,"target boycott crosses 1 million signers, stock sinks by $1.5 billion URL"
TRUE,5.25E+17,shooting in canadian parliament comes day after isis-inspired radical drove in2 canadian soldier. also reports of shooting at war memorial/1
unverified,7.31E+17,ca grand dragon endorses hillary clinton on behalf of the kkk. #trump2016 URL URL
unverified,7.23E+17,"landmarks around world turn purple, in honor of #prince. #princerip #purplerain URL"
FALSE,6.74E+17,"you're increasingly compared to hitler. does that bother you? trump: ""no."" URL"
TRUE,5.54E+17,#breaking - at least five hostages in paris kosher supermarket: (afp) URL #vincennes URL
unverified,7.31E+17,target ceo responds to nationwide boycott of the store over transgender bathroom policy URL URL
non-rumor,6.93E+17,"oh, i'm so ready to watch @zaynmalik's #pillowtalk on mtv tonight at 8:15p. URL URL"
non-rumor,6.92E+17,jeb bush campaign kicks off 3-state farewell tour with iowa town hall meeting URL URL
FALSE,6.57E+17,happy #backtothefuture day! how did 'back to the future: part ii' score on 2015 predictions? URL URL
TRUE,5.54E+17,an 11-month old baby is among the hostages at the kosher supermarket in paris. unbearably sad. URL
non-rumor,7.68E+17,"rudy giuliani rips @hillaryclinton for dragging colin powell into email scandal: ""she lies every day."" URL"
TRUE,6.50E+17,an openly gay man said that he and his partner met with pope francis a day before kim davis did URL
TRUE,5.54E+17,update - afp says gunman who has taken a hostage at kosher supermarket in paris believed to be suspect in killing of policewoman on thursday
non-rumor,6.94E+17,isis claims responsibility for triple bombing that killed at least 45 people and injured more than 100 near damascus. URL
FALSE,6.64E+17,"solo cups have been red for decades. if starbucks was taking a shot at christmas, solo shot first."
TRUE,6.15E+17,the @whitehouse is rainbow-colored tonight in celebration of scotus same-sex marriage ruling. URL URL
FALSE,6.37E+17,ben carson: what happened to blacks during slavery is why i am pro-life on abortion today URL URL
FALSE,6.61E+17,"anonymous to kkk: you can hood, but you can't hide. #opkkk #hoodsoff URL"
unverified,7.15E+17,an open letter to @realdonaldtrump from his top strategist-turned-defector: URL URL
FALSE,6.75E+17,‘el chapo’ threatens #isis: ‘my men will destroy you’ - URL URL
TRUE,5.44E+17,uber intros surge pricing in downtown sydney during hostage siege URL URL
unverified,6.52E+17,avoid 5p bag charge using these from @trolleybagsuk enter here to #win a set with @star100x URL URL
non-rumor,6.93E+17,chiefs te travis kelce will have his own reality tv dating show: URL URL
TRUE,5.54E+17,#breaking gunman in policewoman killing suspected in new paris hostage-taking: source
FALSE,6.34E+17,a new cnn/orc poll finds @hillaryclinton ahead of @realdonaldtrump by just 6 points URL URL
TRUE,5.45E+17,paramedics are currently carrying out a number of hostages in #martinpl. #sydneysiege #9news
TRUE,5.53E+17,"at least 12 killed in today's attack on satirical magazine #charliehebdo in paris, official says. URL"
FALSE,6.46E+17,latest starving 'refugees' from #syria . these guys look like friggin soldiers to me! URL
TRUE,6.15E+17,white house lit in rainbow colors after gay marriage ruling URL URL
non-rumor,6.94E+17,"poor women in india are fighting for the right to have a job. ""when you start working, your heart opens up."" URL"
FALSE,6.74E+17,"dearborn michigan, this morning. pro isis rally. spread the word, the fit is about to hit the shan here in the us. URL"
non-rumor,6.90E+17,#ausopen: british number one andy murray beats australia's sam groth 6-0 6-4 6-1 scores: URL URL
non-rumor,6.93E+17,saliha is one of the first women ever to stand for election in saudi arabia: watch her story URL URL
FALSE,6.21E+17,while @cnn is talking about #irandeal nasa confirms earth will experience 15 days of darkness in november 2015 URL
FALSE,6.57E+17,10 'back to the future' predictions that came true URL URL
TRUE,6.74E+17,1.15 million americans have been killed by guns since john lennon's death URL URL
FALSE,6.13E+17,"after arrest, dylann roof was hungry. police bought him food from burger king. more details: URL URL"
TRUE,5.45E+17,police move in: police confirm live ammunition used in martin place #sydneysiege
unverified,6.51E+17,pathetic little twat can’t wait to argue over 5p bag charge URL URL
non-rumor,6.93E+17,icymi: joseph pena squatted 875 pounds. he's 17 years old ... URL
TRUE,5.53E+17,"two shot in paris, including traffic cop, as manhunt continues for #charliehebdo suspects URL URL"
FALSE,6.66E+17,warning syrian refugees hv arrived in neworlean &they r here 2stay ur funds r being well invested in one-way tickets URL
non-rumor,6.81E+17,sacha baron cohen and his wife donate $1 million to syrian refugees URL URL
TRUE,6.32E+17,trayvon martin at space camp in florida. #blacklivesmatter URL
FALSE,6.53E+17,"steve jobs was adopted. his biological father was abdulfattah jandali, a syrian muslim."
unverified,7.64E+17,hillary clinton strategist bob beckel called for wikileaks editor julian assange to be assassinated: i do not... URL
FALSE,6.73E+17,this is the face of female jihadist #tashfeenmalik could pass for a widow or orphan😤#norefugees #islamistheproblem URL
unverified,7.57E+17,"laziness is a trait in blacks, 1991 book quotes trump as saying: URL URL"
non-rumor,6.89E+17,us trying to locate americans missing in baghdad after al-arabiya reports they may have been kidnapped by militias URL
non-rumor,6.93E+17,"today, the @deptofdefense took steps to expand paid leave for military moms and dads → URL URL"
unverified,7.56E+17,"laziness is a trait in blacks, 1991 book quotes trump as saying: URL URL"
non-rumor,6.93E+17,"man held at disneyland paris carrying ""low-calibre"" guns & copy of koran - police sources URL URL"
FALSE,6.75E+17,el chapo vs isis: mexican cartel boss threatens islamic state over drug trade URL URL
FALSE,6.74E+17,adolf hitler vs donald trump URL
unverified,7.16E+17,.@berniesanders is pulling magic tricks out of a hat in nevada. we just officially won! URL
FALSE,6.62E+17,#opkkk releases 500+ names and reveals unexpected #plottwist URL URL
TRUE,5.45E+17,breaking @skybusiness: freed hostage borne high from #sydneysiege w/c.4 paramedic teams on the scene URL ( carsonscottli
FALSE,6.38E+17,"in celebrity death hoax news, james earl jones is not dead. URL URL"
non-rumor,6.93E+17,"the terps do it again! no. 8 maryland knocks off no. 3 iowa 74-68, has beaten 5 of its last 7 top-5 opponents. URL"
TRUE,5.44E+17,"uber says it has hiked prices in sydney to ""encourage more drivers to come online & pick up passengers."" URL #sydneysiege"
unverified,7.45E+17,the big one: 'large scale motion' detected along san andreas fault URL URL
FALSE,6.73E+17,do these look like the faces of a homeless couple caught living in a walmart attic for 2 years? URL
non-rumor,6.92E+17,"the dave i know is polite, modest, and content. jumbotron dave is crass and loud. URL URL"
FALSE,6.74E+17,donald trump and adolf hitler. two sides of the same coin. #racism #fascism URL
TRUE,5.25E+17,#nhl cancels tonight's game between #ottawa and #toronto due to today's shootings. senators were to host maple leafs.
FALSE,6.19E+17,jay z and beyoncé want to buy rights to the confederate flag: URL URL
non-rumor,6.93E+17,"the people have spoken: there is now a petition for @snoopdogg to narrate ""planet earth"" URL URL"
TRUE,6.15E+17,the white house is lit up rainbow. URL
FALSE,6.54E+17,colorado mcdonald’s offers first marijuana friendly smoking section in restaurant - URL
FALSE,6.65E+17,"breaking: 1st load of 10,000 syrian refugees arrived in new orleans URL #makeamericagreatagain URL"
unverified,7.55E+17,ohio police say an officer was served a sandwich containing glass shards at a restaurant. URL
FALSE,6.67E+17,"the myth of zouheir, a ""hero muslim security guard"" in paris URL (via @bbctrending) URL"
unverified,7.30E+17,leading causes of death in the u.s.: 1. heart disease 2. cancer 3. medical error URL URL
unverified,7.26E+17,"because target believes men can pee with girls, their stock has taken a huge hit. good. keep boycotting target. URL"
FALSE,6.66E+17,jindal demands info about refugees entering new orleans... URL
TRUE,5.45E+17,"breaking: police enter #lindt cafe, hostages flee URL #sydneysiege URL"
non-rumor,6.92E+17,apple announces most profitable quarter in u.s. history—and the end of unprecedented growth URL URL
unverified,7.28E+17,.@caitlyn_jenner will reportedly pose nude for sports illustrated URL URL
non-rumor,6.92E+17,president obama announces ban on solitary confinement for juveniles in federal prisons - washington post URL
non-rumor,7.68E+17,"fbi uncovers nearly 15,000 more emails and materials sent to or from hillary clinton. URL URL"
FALSE,6.67E+17,donald trump is the new adolf hitler URL
unverified,7.16E+17,☆☆craigslist ad allegedly posted by bernie supporters offered $15 to protest at trump's rally in wisconsin. trump already creating jobs!
FALSE,6.53E+17,".@hillaryclinton is ahead of @berniesanders by 19 percentage points, in a new cbs news poll released sunday. URL"
unverified,6.56E+17,well done scotland! 5p carrier bag charge 1 yr old today - 80% cut in usage - 650m less bags -£6.7m for good causes. URL
FALSE,6.43E+17,unreal: watch what happens when desperate muslim refugees are offered red cross food URL URL
unverified,7.15E+17,"letter to trump voters from his top strategist-turned-defector - i don’t know if this is real, but it’s believable. URL"
FALSE,6.58E+17,"the father of steve jobs, the ground-breaking founder of apple, was a refugee from syria URL URL"
non-rumor,6.94E+17,"up to 100 masked men, dressed in black, involved in ""migrant attack"" in stockholm URL URL"
unverified,7.23E+17,"a new transgender bathroom policy at @target is real, and it's fabulous: URL URL"
TRUE,6.15E+17,white house is aglow in the colors of the rainbow celebrating the supreme court's same-sex marriage decision. URL
unverified,7.07E+17,bernie sanders speaking about institutional racism 👏🏽🙌🏽 URL
non-rumor,6.91E+17,"investigations into nearly 60 allegations of unlawful killing against uk soldiers in iraq are dropped, mod says URL"
FALSE,6.61E+17,mayors flatly deny klan membership after #anonymous releases names online URL #opkkk #hoodsoff URL
unverified,7.15E+17,donald spunktrumpet's former communications director stephanie cegielski has resigned and written this - URL
non-rumor,6.72E+17,"holy christ, #samuraijack is returning to television! URL URL"
FALSE,6.74E+17,72 dhs employees on the terror watch list: URL h/t @penguinsfan62
FALSE,6.18E+17,"the kissing islands, greenland! URL"
unverified,7.15E+17,donald trump supports abortion ban and 'punishment' for women URL
TRUE,6.15E+17,breaking: the @whitehouse is celebrating with us tonight lit up in rainbow colors. #lovewins URL
non-rumor,6.94E+17,iran's supreme leader awards medals to troops who 'captured' u.s. sailors URL URL
FALSE,6.44E+17,"greek customs captured containers of weapons and ammunition going to refugee camps in europe as ""plastic furniture"" URL"
unverified,7.63E+17,breaking video : hillary surrogate calls for the assassination of julian assange. URL
FALSE,6.71E+17,desperate ted cruz claims planned parenthood shooter was transgender leftis; based on rumor he read URL
non-rumor,6.92E+17,woman a leading authority on what shouldn’t be in poor people’s grocery carts URL URL
unverified,7.53E+17,"ted cruz is apparently riding with the president on air force one en route to dallas. man, barack obama is a saint."
FALSE,6.27E+17,this is how people in china are riding escalators after a horrific accident URL URL
unverified,7.42E+17,a tweet from @realdonaldtrump about the #orlando shooting: URL URL
unverified,7.16E+17,"bernie sanders has actually won nevada, not hillary clinton! the people have spoken! URL URL"
unverified,7.79E+17,massachusetts court finds that it’s ‘reasonable’ for black men to run from police to avoid racial profiling… URL
TRUE,6.15E+17,there will be cool photos of the white house w rainbow colors tonight but hard to top this one by chuck kennedy. URL
unverified,7.15E+17,donald trump tells chris matthews: women deserve ‘some form of punishment’ for abortion URL URL
FALSE,6.74E+17,72 dhs employees on terrorist watch list URL via @kredo0 URL
non-rumor,6.93E+17,women in america still earn only $0.79 for every $1 men make. it's time for #equalpay → URL URL
unverified,7.25E+17,people are over here boycotting @target over their new transgender bathroom policy and i'm just like URL
unverified,6.55E+17,thousands of people in china claim they have seen a 'floating city' in the sky URL
non-rumor,6.92E+17,danish lawmakers approve bill allowing seizure of asylum seekers' valuables to help cover expenses. URL
TRUE,5.45E+17,"#sydneysiege is over. 2 confirmed dead, #prayforsydney #prayforsydneyhostages #sydney #hostages"
non-rumor,6.93E+17,usgs: sonic boom confirmed in new jersey area after reports of shaking; cause not immediately known URL
FALSE,6.64E+17,"mysterious creature discovered in california, everyone naturally cries alien: URL URL"
unverified,7.43E+17,considering the #orlando shooter was a registered democrat i'd like to just put these back here: URL
non-rumor,7.68E+17,powell breaks silence: clintons trying to 'pin' scandal on me! URL
TRUE,6.42E+17,alert! islam taught in tennessee schools URL #wakeupamerica #tcot #wethepeople #pjnet #ccot URL
FALSE,6.51E+17,el chapo puts $100 million bounty on donald trump...dead or alive! URL
FALSE,6.62E+17,hackers from anonymous say they're set to expose hundreds of kkk members URL #opkkk URL
non-rumor,6.94E+17,.@dylanobrien learned the hard way to not mess with @shelleyhennig: URL URL
FALSE,6.76E+17,72 dhs employees on terrorist watch list - washington free beacon URL
TRUE,5.44E+17,"sydney hostage-taker - man monis, 49 - originally from iran - self-styled sheikh - accused of sexually assaulting 7 women developing.."
TRUE,5.45E+17,"haron monis,hostage-taker in #sydney: fled #iran 96,suspect in ex-wife killing,46 sex assaults URL URL"
FALSE,6.74E+17,shock: 72 'homeland security' employees on terrorist watch list... URL
unverified,6.53E+17,why drunk vegetarians eat meat URL via @thedailybeast
FALSE,6.41E+17,kim davis angers 'eye of the tiger' creator after using song at prison release URL
TRUE,6.15E+17,white house lit in rainbow colors following us supreme court ruling that same-sex couples have right to marry. URL
TRUE,5.25E+17,very reliable source on parliament hill tells me the assailant has been killed. #cdnpoli #ottnews
unverified,7.08E+17,meet kenny the tiger. he was born with down syndrome. he's proof you don't have to be perfect to be beautiful ❤️ URL
FALSE,6.56E+17,"cnn/orc poll: clinton did best in 1st dem debate, but only sanders significantly increased support in past month. URL"
non-rumor,7.23E+17,#ripchyna: the wwe icon has passed away at the age of 45. URL URL
FALSE,6.57E+17,10 'back to the future' predictions that actually came true URL URL
FALSE,6.15E+17,breaking: south carolina to ban sale of tylenol. they fear picking of cotton from the bottles may represent slavery. URL
unverified,7.64E+17,hillary clinton strategist bob beckel called for wikileaks editor julian assange to be assassinated. #dncleaks URL
FALSE,6.64E+17,for everyone who thinks starbucks red cups are ruining christmas URL URL
FALSE,6.59E+17,fda confiscates several thousand chickens from kfc farms as mutations worsen URL URL
FALSE,6.69E+17,"months ago, rupert murdoch bought national geographic and fired most of writers. this just hit the stands. URL"
FALSE,6.20E+17,translucent butterfly - beautiful! ' URL
unverified,7.33E+17,"🎯 #target backlash over transgender bathroom policy hits ""boiling♨️point""❗️ URL #boycotttarget URL"
TRUE,5.44E+17,breaking update: gunman says four devices are located around sydney. security response underway. police calling for calm. 9news
FALSE,6.28E+17,"sylvester stallone was so broke before his script for rocky was accepted that he sold his dog for $25. after he bought it back for $15,000."
FALSE,6.72E+17,"pres. obama on #sanbernardino: ""we have a pattern now of mass shootings in this country that has no parallel."" URL"
non-rumor,6.93E+17,"michael phelps' gold medals and speedo crashed asu's ""curtain of distraction"" last night. you read that right. URL"
FALSE,6.74E+17,".@presssec: @realdonaldtrump comment ""disqualifies"" him from presidency URL via @talkopan URL"
unverified,7.15E+17,an open letter to trump voters from his top strategist-turned-defector URL @juddapatow @andylassner @bettemidler
FALSE,6.11E+17,what's lurking underneath that crispy crust? a kfc customer claims he got a fried rat: URL URL
unverified,7.79E+17,black men have legitimate reason to run from police – #massachusetts supreme court URL URL
TRUE,5.25E+17,***exclusive*** michael zahaf-bibeau caught on a #dashcam model sold at URL #ottawashooting URL
unverified,7.41E+17,dear @hillaryclinton you're not the 1st woman presidential candidate. victoria woodhull is. look @realdonaldtrump URL
TRUE,5.45E+17,"escaped #sydneysiege hostage, elly chen, a top student and skilled sportswoman URL URL"
TRUE,5.53E+17,police convoy and helicopters are rushing to scene to detain charlie hebdo massacre suspects URL URL
non-rumor,7.62E+17,good news: our businesses have added 15 million jobs over the past 77 months → URL URL
FALSE,6.74E+17,72 dhs employees on terrorist watch list URL
FALSE,6.52E+17,ben carson is the most brainless brain surgeon in america. my new column: URL
FALSE,6.34E+17,cnn/orc poll: donald trump now competitive in general election URL via @jennagiesta URL
non-rumor,7.62E+17,“our team boasts the most women who have ever competed for any nation at any olympic games.” —@potus on @teamusa: URL
TRUE,5.54E+17,#breaking charlie hebdo gunmen's hostage freed and safe after police assault
TRUE,5.45E+17,"sydney siege: police enter cafe as hostages flee the scene, gunfire heard, reports of an injured person – live URL"
FALSE,6.73E+17,mass shootings list. reagan - 11 bush sr - 12 clinton - 23 bush jr - 16 obama - 162 #sanbernadino
non-rumor,6.94E+17,"red alert! drake just dropped a new single called, ""summer sixteen"" from his new album. URL URL"
non-rumor,6.94E+17,spoiler alert: leo and kate were ridiculously cute together at the 2016 #sagawards. URL URL
unverified,6.56E+17,when refusing to pay the 5p bag charge backfires URL 😂🙈
FALSE,6.72E+17,"pres. obama on #sanbernardino: ""we have a pattern now of mass shootings in this country."" URL URL"
TRUE,6.15E+17,the white house takes on rainbow hues in celebrating #scotusmarriage decision: URL URL
unverified,7.28E+17,perhaps media should ask hillary about this clinton campaign made payments to hard drive destruction company URL
TRUE,5.44E+17,police: negotiators are now in contact with armed hostage-taker in sydney situation; motive remains unknown - URL
unverified,7.42E+17,#orlando oh look the muslim shooter was also a democrat! URL
unverified,7.07E+17,"obama to skip nancy reagan's funeral for music, film festival in austin, tx URL via @waynedupreeshow"
unverified,7.55E+17,police shut down restaurant after officer cuts mouth on shards of glass found in sandwich URL URL
non-rumor,6.94E+17,denver medical center on lockdown; 9 at hospitals after deadly incident at denver coliseum URL URL
unverified,7.05E+17,"breaking news: search ""how can i move to canada"" skyrocketed following #supertuesday URL"
unverified,7.25E+17,"hey guys, target isn't backing down check the usa today article about the boycott URL"
unverified,7.57E+17,"donald trump: ""...laziness is a trait in blacks. it really is, i believe that. it’s not anything they can control.” URL"
TRUE,5.44E+17,geoblock lifted on #abcnews24. streaming coverage of the martin place siege in sydney here URL
TRUE,5.44E+17,"more: police confirm 3 hostages escape sydney cafe, unknown number remain inside URL #sydneysiege"
unverified,7.76E+17,clinton hides failing health? full disclosure now: covert doctors and nurses URL via @mailonline #maga @realdonaldtrump
non-rumor,6.93E+17,an adorable young fan asked riley curry to be his valentine ... and steph responded: URL URL
TRUE,6.15E+17,"as sun goes down, white house lights up rainbow colors to celebrate scotus ruling: URL URL"
non-rumor,6.83E+17,erdoğan cites hitler's germany as example of effective government URL
unverified,7.26E+17,starve the beasts destroying our #civilsociety #target stock ➡️ sinks $1.5 billion URL URL
unverified,7.67E+17,"laziness is a trait in blacks-trump, according to former president of trump plaza hotel and casino @vitico46 URL"
TRUE,5.53E+17,"breaking: at least 10 killed in shooting at french satirical newspaper charlie hebdo, paris prosecutor's office says. URL"
TRUE,5.25E+17,"confirmed | 1 shooter shot dead at parliament hill, but there is more than 1 suspect. #cbcott #ottnews"
FALSE,6.68E+17,steve jobs' biological father was a syrian immigrant.
non-rumor,6.88E+17,"three men found guilty of involvement in ""largest burglary in english legal history"" at hatton garden URL"
unverified,7.24E+17,all in purple: memorials and landmarks across the globe honor #prince after his death. URL URL
FALSE,6.77E+17,plumber suing car dealership for $1m after truck he traded in ends up in hands of isis: URL URL
TRUE,5.44E+17,five hostages have escaped the besieged lindt cafe in #sydney | our latest update: URL URL
FALSE,6.57E+17,"#backtothefuture fans, it's october 21, 2015 — the future is finally here! URL URL"
TRUE,5.25E+17,the soldier shot dead in wednesday's ottawa attacks has been named as cpl. nathan cirillo of #hamont #ottawashooting URL
non-rumor,6.93E+17,nasa astronaut @stationcdrkelly captures a beautiful sunrise from aboard the international space station. URL
FALSE,6.66E+17,jindal protests sending of syrian refugees to new orleans URL URL
non-rumor,6.93E+17,ohio lawmakers want to know why state’s epa didn’t tell public about lead leaking into water supply of sebring. URL
unverified,6.51E+17,uk • you're right to be nervous about the 5p plastic bag charge. when they implemented this in california the streets ran red with blood.
TRUE,5.54E+17,french police publishes photos of suspect in yesterday's montrouge shooting. maybe the same persons in kosher market URL
FALSE,6.74E+17,a vote for donald trump is a vote for adolf hitler.
FALSE,6.27E+17,translucent butterfly - beautiful! ' URL
FALSE,6.57E+17,"steve jobs was adopted. his biological father was abdulfattah jandali, a syrian muslim."
TRUE,6.15E+17,these colors celebrate a new chapter in the history of american civil rights. #lovewins URL URL
unverified,7.52E+17,#urgent so-called 'purge' planned tonight in baton rouge 1200am - 0500am. #bluelivesmatter - heres the flash >> URL
non-rumor,6.94E+17,"in china, 77% of jobs are threatened by automation URL URL"
TRUE,6.50E+17,vatican says #kimdavis' meeting w/ #popefrancis 'should not be considered a form of support.' URL URL
non-rumor,6.92E+17,tony the tiger has no more cummies left to give URL URL
FALSE,6.14E+17,charleston church shooter dylann roof receives $4 million in donations from supporters - URL URL
FALSE,6.74E+17,donald trump has been disqualified for running for president URL
unverified,6.59E+17,"test finds human dna in hot dogs, meat in vegetarian products URL URL"
unverified,7.49E+17,"obama cuts military pay third year in a row, while pushing $15 min. wage for burger flippers URL URL"
TRUE,6.14E+17,theres' a double rainbow over the white house URL
FALSE,6.62E+17,holy shit. rupert murdoch just killed national geographic. URL
FALSE,6.38E+17,sanders closes to 7 points behind clinton in new iowa poll. URL URL
unverified,7.32E+17,target’s new transgender policy raises all sorts of questions. URL
non-rumor,6.90E+17,".@potus on declaring a federal emergency in #flint, michigan to supplement state and local response efforts. URL"
FALSE,6.45E+17,"#bulgaria finds 10,000 #fake passports hidden by #muslim refugees heading for #germany passports for #terrorists URL"
non-rumor,6.93E+17,french police hunting woman who was with an armed man arrested near disneyland paris. URL
FALSE,6.73E+17,reagan (11 mass shootings) bush sr (12 mass shootings) clinton (23 mass shootings) bush jr (16 mass shootings) obama (162 mass shootings)
unverified,7.27E+17,good news!: target stock plummets #lbgtq #bathroombill URL #tcot #pjnet #rednationrising URL
unverified,7.65E+17,"fox news host claims hillary clinton had seizure on camera, has 'secret' health issues URL URL"
TRUE,5.25E+17,soldier killed in canada shooting was a young reservist with a six-year-old son URL URL
FALSE,6.72E+17,reagan (11 mass shootings) bush sr (12 mass shootings) clinton (23 mass shootings) bush jr (16 mass shootings) obama (162 mass shootings)
unverified,7.47E+17,newsflash⚡️the #orlando shooter was a muslim and a democrat✔️ not a republican or christian❌ #gaypride2016 URL
unverified,7.75E+17,"nurses save lives of all different races and colors, but @hillaryclinton thinks we belong in a #basketofdeplorables. URL"
unverified,7.61E+17,"before hillary clinton, there was victoria woodhull, a pro-life feminist who ran and was nominated for president. URL"
unverified,7.28E+17,report: caitlyn jenner will pose nude for sports illustrated URL URL
TRUE,6.15E+17,white house shines rainbow-colored lights in honor of #scotus gay marriage decision #lovewins URL URL
non-rumor,6.93E+17,mark zuckerberg is now richer than the koch brothers 💰 URL URL
non-rumor,6.94E+17,"watch bernie sanders sing ""this land is your land"" with vampire weekend at iowa students rally URL"
unverified,7.24E+17,niagara falls turned purple on the day prince died: URL URL
unverified,7.42E+17,shooter in orlando was: a. muslim b. registered democrat voter c. isis d. homophobic e. ready for hillary URL
FALSE,6.75E+17,el chapo threatens isis URL URL
TRUE,5.25E+17,breaking news: at least 3 shots fired at ottawa war memorial. one soldier confirmed shot - URL URL
unverified,7.49E+17,what's the no. 1 killer of americans? these rankings have changed little over the years URL URL
TRUE,5.44E+17,"this is shot that captures the #sydneysiege: sheer terror/relief of escaped hostages, incredible work of @nswpolice URL"
TRUE,6.15E+17,white house lit in rainbow colors after high court's gay marriage ruling (with photo) URL
FALSE,6.30E+17,chick-fil-a to open on sundays URL
non-rumor,6.93E+17,3-legged dog expected to survive after getting shot while scaring off armed robbers. URL URL
FALSE,6.27E+17,this is how people in china are riding escalators after a horrific accident URL URL
FALSE,6.73E+17,farook family attorney says brothers in the family never saw tashfeen malik's face because she always wore a burka. URL
FALSE,6.74E+17,72 dhs employees on terrorist watch list URL
FALSE,6.47E+17,new cnn democratic poll: bernie sanders 46 hillary clinton 30 joe biden 14 martin o'malley 2
FALSE,6.41E+17,"happy ""$15 minimum wage"" labor day from mcdonalds URL"
unverified,7.27E+17,target's stock has taken a $2.5 billion hit over its insistence on insulting regular customers URL
FALSE,6.66E+17,muslim security guard stopped bomber from entering the stadium during #parisattacks URL #zouheir URL
FALSE,6.21E+17,nasa confirms earth will experience 15 days of complete darkness in november 2015 - URL URL
FALSE,6.74E+17,72 dhs employees on terrorist watch list URL via @kredo0 URL
TRUE,5.44E+17,"developing: gunman takes hostages in sydney cafe, 'isis' flags being held against window - URL URL"
non-rumor,6.92E+17,here's why @potus is taking steps to ban solitary confinement for low-level infractions: URL URL
unverified,6.51E+17,black people can be so stubborn to change.... #5pbagcharge URL
FALSE,6.75E+17,"mexican drug kingpin 'el chapo' reportedly threatens to destroy isis ""p*ssies."" URL URL"
FALSE,6.68E+17,"according to anonymous, the next isis target is a wwe event in atlanta. URL URL"
FALSE,6.05E+17,"the kissing islands, greenland. URL"
non-rumor,6.83E+17,turkey's president says all he wants is same powers as hitler URL URL
non-rumor,6.89E+17,today’s progress...these things are a reminder of what we can achieve when we lead with strength and wisdom. —@potus on progress with iran
non-rumor,6.93E+17,4 miners now rescued from mine in china's shandong after 36 days underground - state media URL URL
TRUE,5.25E+17,#breaking rick hughes at cbc hamilton: the soldier who was shot in ottawa wednesday morning is a reservist serving in hamilton
non-rumor,6.94E+17,"ooh, baby! dickie v loved this reverse dunk by ben simmons. lsu's up double-digits on no. 1 oklahoma: URL"
non-rumor,6.92E+17,actor abe vigoda has died at 94 URL URL
FALSE,6.28E+17,this is how people in china are riding escalators after a horrific accident URL URL
non-rumor,6.93E+17,mook spooked: hillary manager predicts trump will win presidency if nominated!
TRUE,6.15E+17,white house lit in rainbow colors after today's historic supreme court ruling #scotusmarriage URL
non-rumor,6.93E+17,"zika virus ""spreading explosively"" around the americas, who director-general says. URL"
TRUE,6.15E+17,the @whitehouse is lit up like a rainbow! #lovewins URL
non-rumor,6.90E+17,happy #nationalhugday! URL
FALSE,6.58E+17,4 legged chickens: fda confiscates several thousand chickens from kfc farms as mutations worsen URL
unverified,6.77E+17,"isis has been killing babies afflicted with down syndrome and other disabilities, activists claim URL"
FALSE,6.52E+17,"donald trump's capture, dead or alive, is reportedly worth $100 million to el chapo. URL URL"
TRUE,6.81E+17,katy perry -- makes holiday wish come true for burn victim URL
FALSE,6.53E+17,.@realdonaldtrump: what's the secret of my popularity? my looks. i'm very handsome. URL URL
TRUE,5.44E+17,tv channels have chosen not to show videos of hostages relaying #sydneysiege gunman's demands. URL URL
non-rumor,6.87E+17,"the oregon militia idiots would like you to stop mailing them dildos, please URL URL"
FALSE,6.47E+17,"poll: @hillaryclinton trails @berniesanders in new hampshire, even without @vp in the race URL URL"
unverified,7.26E+17,"target boycott crosses 1 million signers, stock sinks by $1.5 billion - breitbart URL"
non-rumor,6.92E+17,"former conservative minister lord cecil parkinson dies aged 84, after suffering from cancer, his family says URL"
TRUE,5.25E+17,watch video showing gunfire inside canada's parliament in ottawa URL URL
non-rumor,6.88E+17,"kosovo war crimes court to be set up in the hague, dutch government says URL"
unverified,7.07E+17,no one is surprised by this.of course obama is skipping nancy reagan's funeral.dignity isn't his strongest attribute URL
non-rumor,6.92E+17,adorable but frightened sloth rescued from side of highway in ecuador URL URL
non-rumor,6.93E+17,report: las vegas sands to propose $1 billion domed stadium to possibly draw nfl franchise - fox5 las vegas URL
FALSE,6.67E+17,son of a syrian refugee URL URL
FALSE,6.64E+17,michelle obama says ‘white folks’ are what’s wrong with america URL no michelle you are whats wrong with america
FALSE,6.43E+17,and so it begins…isis flag among refugees in germany fighting the police [pictures] URL URL
non-rumor,6.90E+17,"7 years ago, @potus bet big on rescuing the american auto industry. here's how it paid off: URL URL"
FALSE,6.57E+17,"the father of steve jobs, the ground-breaking founder of apple, was a refugee from syria URL URL"
FALSE,6.74E+17,who said it: donald trump or adolf hitler? URL URL
unverified,7.16E+17,it seems @berniesanders has won back nevada! don't let @clarkcountynv dems rig it against @sensanders! #feelthebern URL
FALSE,6.72E+17,ever wonder why the most mass shootings ever have happened under obama? URL via @rebootliberty URL
FALSE,6.00E+17,nasa recently released imagery showing the deforestation of america …in just 34 years. URL
non-rumor,6.93E+17,nation's dog owners demand to know who's a good boy URL URL
unverified,7.17E+17,"this is kenny, the tiger with down syndrome. this proves you don't have to perfect to be beautiful ❤️ URL"
non-rumor,7.66E+17,".@greysabc season 13 will focus on the ""originals"" URL #greysanatomy URL"
FALSE,6.41E+17,#imachristianbut i wish chick-fil-a was open on sundays.
unverified,6.52E+17,surprising number of vegetarians secretly eat meat URL URL
unverified,7.78E+17,all living ex-presidents warn against donald trump URL URL
TRUE,5.54E+17,police have surrounded this building where the suspected #charliehebdo attackers are holed-up URL URL
non-rumor,7.63E+17,"if you could compete in any olympic event, what would you choose? —@potus asks @flotus: URL URL"
TRUE,6.15E+17,the @whitehouse is lit up in a rainbow #lovewins URL
TRUE,5.80E+17,"just in: germanwings plane crashes in southern france, up to 150 feared dead URL"
FALSE,6.35E+17,translucent butterfly URL
FALSE,6.74E+17,".@presssec: @realdonaldtrump muslim comment ""disqualifies"" him from presidency URL URL"
FALSE,6.13E+17,"the kissing islands, greenland. URL"
unverified,7.44E+17,"obama cuts military pay for third year in a row, while pushing for $15 min. wage for burger flippers: URL"
non-rumor,6.93E+17,"beck on david bowie: ""he’s always been a guidepost for me"" URL URL"
non-rumor,6.93E+17,lego’s first-ever figurine in a wheelchair is prompting ‘genuine tears of joy’ URL
unverified,7.16E+17,international criminal george soros & his boi @davidbrockdc are sooo busted #fauxprotests #ringers @realdonaldtrump URL
TRUE,5.25E+17,here's that dramatic video via @josh_wingrove of shots fired inside parliament building: URL #ottawa #shooting
unverified,7.27E+17,. @target stock plunges in early days of @americanfamassc boycott. URL
FALSE,6.56E+17,"steve jobs was adopted. his biological father was abdulfattah jandali, a syrian muslim."
TRUE,5.44E+17,live updates: siege in sydney cafe URL
non-rumor,6.94E+17,icymi: somehow lebron came out in shorts that didn't match the rest of his team ... so he had to change mid-quarter. URL
unverified,6.59E+17,human dna found in hot dogs - and 10% of vegetarian sausages contain meat URL URL
FALSE,6.18E+17,girl killed in her sleep from wearing earbuds while iphone was charging - URL URL
non-rumor,6.94E+17,clinton ominously tells iowan supporters to mark front doors with campaign logo before sundown URL
non-rumor,6.92E+17,will you watch thursday’s #gopdebate if @realdonaldtrump is not on stage? URL
FALSE,6.62E+17,"rt @operation_kkk: official #opkkk #hoodsoff 2015 data release URL with love, anonymous . URL"
TRUE,6.15E+17,"if they can light up the white house like a rainbow for gay pride, it sure as hell better be red, white & blue for independence day. merica."
unverified,7.64E+17,dear #msm bob beckel calling for assassination of #julianassange URL @ericbolling URL
non-rumor,7.67E+17,"us swimmer jimmy feigen to pay $11,000 to charity as part of deal to settle brazil robbery dispute - us media URL"
TRUE,6.76E+17,"north carolina town rejects solar panels for sucking ""up all the energy from the sun.” URL URL"
non-rumor,6.93E+17,elvis presley made his tv debut 60 years ago today. look back at his history on the tube URL URL
TRUE,6.42E+17,#wakeupamerica heads need to roll! school forcing non-muslims to praise islam URL #bansharia URL
FALSE,6.12E+17,"after police arrested #dylannroof, they went and bought him burger king because he was hungry. #charlestonshooting URL"
FALSE,6.13E+17,police bought #dylannroof food from @burgerking after he was arrested for church shooting: URL URL
unverified,7.15E+17,how many more trump supporters will defect? an open letter to trump voters from his top strategist-turned-defector URL
non-rumor,6.93E+17,"a head-on collision with another planet may have created our moon, researchers say URL URL"
FALSE,6.59E+17,"#opkkk: #anonymous to reveal identities of 1,000 ku klux klan members URL URL"
FALSE,6.73E+17,reagan (11 mass shootings) bush sr (12 mass shootings) clinton (23 mass shootings) bush jr (16 mass shootings) obama (162 mass shootings)
FALSE,6.59E+17,fda confiscates several thousand chickens from kfc farms as mutations worsen URL URL
TRUE,5.54E+17,several hostages freed at jewish supermarket in paris. photo thomas samson #afp URL
TRUE,5.25E+17,our thoughts and prayers go out to nathan cirillo who died today in ottawa while protecting his country at age 24 URL
FALSE,6.69E+17,"steve jobs was adopted. his biological father was abdulfattah jandali, a syrian muslim."
unverified,6.52E+17,survey: 1 in 3 vegetarians admits to eating meat when drunk... URL
non-rumor,6.93E+17,a tiny alpine town in northern italy just welcomed its first baby in 28 years 🍼👶 URL URL
unverified,7.47E+17,"nyc pride parade after orlando: “republican hate kills"" no. the orlando shooter was a muslim democrat. URL"
unverified,7.56E+17,"colombus, ohio police officer served sandwich with shards of glass. URL"
unverified,7.29E+17,breaking: tom brady set to share sports illustrated cover with caitlyn jenner.... URL
TRUE,5.53E+17,"developing: police pursuing #charliehebdo shooting suspects, helicopters deployed - live feed: URL URL"
unverified,7.49E+17,"after the orlando shooting this is how they protest, and the shooter was a registered democrat... URL"
non-rumor,6.88E+17,jakarta attacks: #kamitidaktakut hashtag shows indonesians are not afraid URL
unverified,7.25E+17,boycott the hell out of target. they think it's ok that boys pee with girls so let's hit em where it hurts - money. URL
unverified,7.28E+17,caitlyn jenner will pose nude on the sports illustrated cover. nothing says sexy like a 66 year old chick with balls.
TRUE,5.00E+17,"oh. so now the #ferguson police chief says the cop didn't know about the robbery when he stopped #mikebrown. the kid was ""jaywalking""? bs!"
unverified,7.24E+17,"340,000 pledge to boycott @target over transgender bathroom policy URL URL"
FALSE,6.59E+17,"steve jobs was adopted. his biological father was abdulfattah jandali, a syrian muslim."
unverified,7.28E+17,caitlyn jenner will pose nude on the sports illustrated cover. her balls will be censored by a sad michael jordan face.
FALSE,6.51E+17,"help the red cross provide food, water & cots for refugees across europe. URL   #aidrefugees URL"
FALSE,6.35E+17,marilyn monroe and james dean smoking in new york city URL
TRUE,5.44E+17,"hostage situation erupts in sydney cafe, australian prime minister says it may be ""politically motivated"" URL"
non-rumor,6.94E+17,looking at eddie redmayne looking at alicia vikander is making us all kinds of emotional. #sagawards URL
FALSE,6.67E+17,but democrats say that syrian refugees are 3 year-old orphans. so why are they worried about them buying guns?
non-rumor,6.93E+17,the @who predicts 3 to 4 million cases of #zikavirus that is spreading through americas URL
non-rumor,6.92E+17,an attack on any faith is an attack on all our faiths. —@potus at @israelinusa
non-rumor,6.90E+17,"13 questions with @madisonbeer, the 16-year-old singer @justinbieber discovered on youtube: URL URL"
TRUE,5.54E+17,update - afp: an unnamed police source says the killing of the policewoman in #paris on thursday is linked to the #charliehebdo attack
TRUE,5.45E+17,#breaking: police have confirmed that the #sydneysiege is over. #9news
FALSE,6.57E+17,"steve jobs was adopted. his biological father was abdulfattah jandali, a syrian muslim."
unverified,6.64E+17,"as you ignore the cold homeless guy sitting outside starbucks, please be sure to complain about the 'non-christian' red cup of $5 coffee."
FALSE,6.75E+17,"after mass shootings, obama seeks to expand background checks for gun sales by executive order to bypass congress URL"
FALSE,6.38E+17,"obese woman arrested for starving her 7 kids: ""there was only enough food for me"" URL URL"
unverified,7.28E+17,clinton campaign made payments to hard drive destruction company 🤔 destruction of 14 hard drives @hillaryclinton ⁉️ URL
non-rumor,7.23E+17,pop legend prince has died at 57: URL URL
TRUE,6.41E+17,"judy carne, ‘sock it to me girl’ on ‘laugh-in,’ dies at 76 URL"
FALSE,6.49E+17,"steve jobs was adopted. his biological father was abdulfattah jandali, a syrian muslim."
non-rumor,6.93E+17,paul kantner was jefferson airplane's conceptual heart. here are 12 essential songs URL URL
unverified,7.53E+17,homicide is among the top five causes of death in adolescents URL #endviolence URL
unverified,7.79E+17,massachusetts court finds that it’s ‘reasonable’ for black men to run from police to avoid racial profiling… URL
unverified,7.16E+17,"it's official, @berniesanders actually won nevada today. came down to 2 factors. 1. enthusiasm 2. organization URL"
FALSE,6.38E+17,woman stabs boyfriend for not liking instagram selfie fast enough URL URL
TRUE,4.98E+17,witness: police allegedly stopped mike brown after yelling at him to walk on sidewalk. #ferguson URL
FALSE,6.41E+17,translucent butterfly - beautiful! URL
FALSE,6.36E+17,'great pacific garbage patch' researchers return with data URL URL
unverified,6.52E+17,a third of 'vegetarians' eat meat when drunk on a night out URL URL
FALSE,6.27E+17,did a real life 'fallen angel' just fall from the sky in london? ‼️‼️ 👉 URL 👈 URL
non-rumor,6.93E+17,merkel says refugees must return home once war is over URL
FALSE,6.27E+17,this is how people in china are riding escalators after a horrific accident URL URL
FALSE,6.76E+17,"steve jobs was adopted. his biological father was abdulfattah jandali, a syrian muslim."
unverified,7.15E+17,"just in: donald trump tells @msnbc: ""there has to be some form of punishment"" for abortion URL"
non-rumor,6.91E+17,"google agrees to pay £130m in back taxes after ""open audit"" of its accounts by uk tax authorities URL"
unverified,7.02E+17,"no, the polling doesn't prove bernie sanders won the hispanic vote in nevada URL"
TRUE,6.24E+17,obama; - hours to light up white house in rainbow colors for gay marriage. - 5 days to lower flag for dead marines. URL
FALSE,6.29E+17,a russian laboratory has invented a way to remove the black skin layer of black people URL
non-rumor,6.94E+17,trump hopes for reversal on same-sex-marriage URL | ap photo URL
FALSE,6.66E+17,remember: steve jobs' biological father was a syrian migrant. URL (photo: ap) URL
FALSE,6.42E+17,the stickers on fruit are edible.
non-rumor,6.83E+17,underrated person of the year 2015 candidate—the prime minister of singapore URL URL
FALSE,6.60E+17,calling #anonymous collective to fire at all #kkk & affiliated sources on nov 16. URL #opkkk #hoodsoff retweet/share
FALSE,6.56E+17,"no, internet, cnn did not delete its poll showing bernie sanders won the democratic debate. URL URL"
unverified,7.27E+17,"we should pick a company a month. 1.1 million families join afa’s target boycott, stock takes $2.5 billion hit - URL"
FALSE,6.47E+17,alert: don't fall for this new facebook scam URL URL
unverified,7.24E+17,niagara falls turned purple on the day prince died: URL URL
TRUE,6.15E+17,photo: white house lit in rainbow colors after high court's gay marriage ruling URL URL
FALSE,6.57E+17,great scott! #backtothefuture 2 (almost) nailed its 2015 predictions. @hplabs makes theirs: URL URL
FALSE,6.47E+17,"new cnn/wmur nh democratic poll: bernie sanders 46 hillary clinton 30 joe biden 14 martin o'malley 2 sept. 17-23, 314 d voters, +/-5.5%"
FALSE,6.61E+17,anonymous #opkkk the hoods come off begins with united states senators & mayors URL #hoodsoff URL
non-rumor,6.91E+17,update: canada's prime minister @justintrudeau says five people are dead in school shooting URL URL
FALSE,6.65E+17,"first load of 10,000 syrian refugees has arrived in new orleans, being resettled unbeknownst to locals #tcot URL"
FALSE,6.13E+17,cops who arrested dylann roof treated him to a burger king URL URL
FALSE,6.76E+17,"months ago, rupert murdoch bought national geographic and fired most of writers. this just hit the stands. URL"
FALSE,6.65E+17,"today first load of obama's 10,000 syrian “refugees” has arrived in new orleans – all single males 18-30 years old URL"
non-rumor,7.67E+17,judge: hillary clinton must respond under oath to questions from conservative legal watchdog URL URL
FALSE,6.13E+17,this dad loved his family so much he got eye enlargement surgery so he could look at them more URL URL
non-rumor,6.89E+17,"china's economy grew by 6.9% in 2015, marking its slowest growth in 25 years. URL"
FALSE,6.13E+17,first black female gop @repmialove returning donations from alleged white supremacist URL URL
TRUE,6.15E+17,the white house is glowing with pride URL | ap photo URL
TRUE,6.75E+17,america's first muslim female judge; carolyn walker-diallo. URL
unverified,7.41E+17,first female candidate for president was not @hillaryclinton it was victoria woodhull in 1872 #nhpolitics #tcot URL
non-rumor,6.91E+17,justin trudeau: i will raise my sons as feminists URL URL
TRUE,5.53E+17,#update three men including two brothers identified in france newspaper attack: source URL #jesuischarlie #charliehebdo
TRUE,6.50E+17,an openly gay man said that he and his partner met with pope francis a day before kim davis did URL
FALSE,6.13E+17,breaking news campaign donations link top gop contenders to #dylannroof. #tedcruz returns $8k. URL URL
FALSE,6.37E+17,actor james earl jones is not dead: URL URL
FALSE,6.74E+17,"dearborn michigan, this morning. pro isis rally. spread the word, the fit is about to hit the shan here in the us. URL"
FALSE,6.57E+17,10 'back to the future' predictions that came true URL URL
FALSE,6.82E+17,"sorry, mark zuckerberg is not giving $4.5 billion to 1,000 random facebook users URL URL"
FALSE,6.48E+17,"steve jobs was adopted. his biological father was abdulfattah jandali, a syrian muslim."
TRUE,5.25E+17,this afternoon we've lowered our flags to half mast in honour of the canadian reservist who lost his life in ottawa. URL
non-rumor,6.93E+17,"31 ""travel-associated"" cases of zika virus reported in 11 u.s. states + d.c. this year and last, cdc says. URL"
non-rumor,6.94E+17,".@tedcruz: ""bernie is a socialist and he admits it. hillary is a socialist and she pretends she's not."" URL"
unverified,7.67E+17,"donald trump goes to louisiana flooding site, spends a minute handing out play-doh, leaves URL #whereshillary"
unverified,6.53E+17,surprising number of vegetarians secretly eat meat URL URL
non-rumor,6.93E+17,let's not make the next two weeks about a 'black qb.' let's just talk about the greatness of this guy. -c. barkley URL
non-rumor,6.93E+17,renting vs. owning a home: a side-by-side comparison URL URL
unverified,7.03E+17,"kenny is considered the first tiger with down syndrome. at the age of nine, kenny died in 2008 of cancer. URL"
non-rumor,6.93E+17,"is the truth out there? 👽 in nod to @thexfiles, @cia releases hundreds of declassified docs URL URL"
unverified,6.56E+17,when refusing to pay the 5p bag charge backfires... URL
TRUE,5.53E+17,stills from eyewitness video show two #charliehebdo attackers wearing hoods & black clothing shoot a wounded man URL
TRUE,5.44E+17,"according to seven, this is a picture of the gunman URL"
unverified,7.26E+17,"target boycott crosses 1 million signers, stock sinks by $1.5 billion URL"
FALSE,6.77E+17,plumber suing car dealership for $1m after truck he traded in ends up in hands of isis: URL URL
non-rumor,6.73E+17,"#onceuponatime's @colinodonoghue1: dark hook is like a ""pissed-off boyfriend"" URL @onceabc URL"
TRUE,6.50E+17,"pope francis’ meeting wasn’t an endorsement of kim davis, vatican says URL"
non-rumor,6.92E+17,"shooting reported at naval medical center san diego, according to the center's facebook page. URL"
unverified,7.25E+17,more than 700000 boycott target over transgender URL #lgbtq #tcot #bathroombill #pjnet URL
non-rumor,6.88E+17,"oscars 2016 host chris rock calls event ""white bet awards"" due to lack of diversity: URL URL"
FALSE,6.40E+17,"10,000 refugees expected in austria today, per the red cross. about 20 percent are sick or injured. URL"
unverified,7.49E+17,what's the no. 1 killer of americans? these rankings have changed little over the years URL URL
unverified,7.24E+17,"340,000 pledge to boycott target over transgender bathroom policy URL URL"
FALSE,6.41E+17,did you know that microsoft actually uses dog noses for thumbsticks on the gamecube controller? URL
FALSE,6.61E+17,'hoods off': anonymous announces operation to name kkk members URL #opkkk
FALSE,6.13E+17,cops rewarded dylann storm roof with burger king following his arrest for an act of domestic terrorism. URL
FALSE,6.72E+17,".@johnrlottjr:""the number of ppl killed by mass shootings during obama’s tenure is 424 casualties…paris this year alone has 508 casualties."""
TRUE,6.28E+17,whole foods' $6 asparagus water is just water with three stalks of asparagus in it URL URL
TRUE,5.25E+17,more shots fired just off parliament hill. police telling everyone to take cover.
FALSE,6.74E+17,"what? ""72 dhs employees found on terrorist watch list"" URL"
FALSE,6.74E+17,men from #pakistan security forces told reporters to stop probing #tashfeenmalik background or face arrest URL
FALSE,6.69E+17,"steve jobs was adopted. his biological father was abdulfattah jandali, a syrian muslim."
FALSE,6.70E+17,farting does not burn 67 calories and is not a practical weight loss mechanism: URL URL
FALSE,6.77E+17,texas plumber sues car dealership after his truck winds up in isis video: URL URL
FALSE,6.13E+17,.@hillaryclinton not talking about ’92 clinton-gore confederate campaign button URL URL
unverified,7.01E+17,"sanders won 54% of the latino vote, according to the sample data, compared to clinton’s 43%. #nvcaucus URL"
TRUE,5.44E+17,full statement from pm abbott on #sydneysiege #martinplace #lindt. URL
FALSE,6.66E+17,"first 10,000 syrian refugees arrive in new orleans noticed there are no women or children @realdonaldtrump #tcot URL"
FALSE,6.41E+17,"happy ""$15 minimum wage"" labor day from mcdonalds URL"
non-rumor,6.83E+17,a clever marketing campaign by norwegian airlines. / via URL URL
TRUE,5.54E+17,police taking people out of #paris grocery where hostages were being held. URL
FALSE,6.34E+17,obese woman arrested for starving her 7 kids: “there was only enough food for me” URL URL
TRUE,5.44E+17,reports on @channeltennews #sydneysiege gunman wants #isil flag delivered to cafe and he also wants to speak to pm or people will be killed.
non-rumor,7.66E+17,u.s. justice department to end use of private prisons. URL
non-rumor,6.92E+17,29 times @msleamichele's instagram inspired us to live a healthier life: URL URL
TRUE,6.15E+17,"this is how the white house celebrated what obama called ""a victory for america."" #lovewins URL URL"
TRUE,5.54E+17,afp: suspected #charliehebdo gunmen have been killed
TRUE,5.53E+17,at least 12 dead in the paris shooting. updated story and background info: URL #charliehebdo URL
FALSE,6.73E+17,obama plans executive action on gun control; white house admits it will not prevent mass shootings URL
FALSE,6.05E+17,florida man sips bud light as he walks down street in only shirt and shoes; says he lost pants and underwear at beach URL
non-rumor,7.65E+17,people do not smile during a seizure while standing upright and then immediately launch into a coherent sentence. URL
FALSE,6.27E+17,this is how people in china are riding escalators after a horrific accident URL URL
FALSE,6.64E+17,people are enraged that starbucks' red cups aren't christmas-y enough URL URL
non-rumor,6.92E+17,and jake makes that one more for team kal-el... let us know which side you're on with '#empirebvs'. URL
FALSE,6.61E+17,breaking news here oooof #hoodsoff #opkkk #anonops #anonymous #anonfamily #kkk #racism URL
FALSE,6.34E+17,new seaworld show just elephant drowning in large tank of water with no explanation URL URL
TRUE,5.25E+17,breaking - shooting on parliament hill. rcmp have weapons drawn #cdnpoli URL
FALSE,6.65E+17,"ironic timing – today first load of 10,000 syrian “refugees” has arrived in new orleans –… URL URL"
FALSE,6.42E+17,".@berniesanders says @realdonaldtrump is ""using racism as a way to attract votes"" #bernieoncnn URL URL"
FALSE,6.27E+17,everyone mad at bruce for his sex change but no one gave ashit about that nerd minkus changing into chanel west coast URL
non-rumor,6.93E+17,"north korea 'planning some kind of rocket launch' us officials say, citing increased activity at test site URL"
TRUE,5.44E+17,flag in window of sydney lindt cafe not an isis flag. reads: ‘there is no god but allah and muhammad is the messenger of god’ (@liztilley84)
FALSE,6.64E+17,"donald trump defends christmas, says ""maybe we should boycott starbucks"" over new red cups: URL URL"
TRUE,5.44E+17,breaking: three hostages appear to have escaped the sydney cafe where a siege remains ongoing. URL #sydneyseige
non-rumor,6.94E+17,".@realbencarson: ""what good does it do a man to gain the whole world & to lose his soul?"" URL"
unverified,7.25E+17,"american family association gets 500,000 to sign petition boycotting target over its transgender bathroom policy URL"
unverified,7.59E+17,"1991, book written saying trump says ""laziness is a trait in all blacks"" URL URL"
TRUE,5.25E+17,"hero. @affanchowdhry: kevin vickers, head of security in parliament, being credited for taking down shooter #ottawa URL """
FALSE,6.73E+17,do these look like the faces of a homeless couple caught living in a walmart attic for over 2 years? URL
TRUE,5.25E+17,breaking: a source confirms to cp24 that the deceased soldier in ottawa is cpl. nathan cirillo. cirillo was a member of the hamilton argylls
unverified,7.24E+17,when your two favorite landmarks...go purple in honor of the world missing prince...beautiful: URL
FALSE,6.72E+17,reagan (11 mass shootings) bush sr (12 mass shootings) clinton (23 mass shootings) bush jr (16 mass shootings) obama (162 mass shootings)
FALSE,6.42E+17,poll: @hillaryclinton's lead over @berniesanders shrinks as her edge over gop vanishes URL URL
unverified,7.58E+17,tim kaine & his besties the muslim brotherhood URL #demsinphilly #dncconvention URL
unverified,7.16E+17,we officially won clark county (70% of the population of nevada) and washoe county +5/6 for @berniesanders -4 for hillary #bernietakesnevada
TRUE,6.15E+17,"watch live: as sun goes down, white house lights up rainbow colors to celebrate scotus ruling URL URL"
FALSE,6.43E+17,isis flag among refugees in germany fighting the police .. URL #norefugees #rebootliberty URL
FALSE,6.54E+17,today @cnn removed a debate poll where over 80% were for @berniesanders #demdebate #clintonnewsnetwork URL
non-rumor,6.93E+17,dewshine drink suspected in deaths of tennessee teens. URL
FALSE,6.61E+17,"►#anonymous operation #kkk ►ku klux klan, we never stopped watching you URL #opkkk #hoodsoff URL"
non-rumor,6.93E+17,end of the line for land rover defender as emission rules kill off iconic 4x4 URL #bbcgofigure URL
TRUE,5.45E+17,#breaking: at least two people have died following the #sydneysiege. 5 people are being treated by paramedics.
TRUE,6.15E+17,live from the white house...in rainbow colors. hundreds of people...hundreds URL
TRUE,6.16E+17,valerie jarrett organized white house rainbow lights URL URL
FALSE,6.45E+17,dna confirms hakeem from ‘empire’ is jay-z's biological son [read details👇👇👇👇👇🏾👇🏿 URL URL
non-rumor,6.94E+17,"body found in north carolina of virginia girl, 13, missing since wednesday. virginia tech student has been charged. URL"
TRUE,5.44E+17,several people being held hostage at a sydney cafe. australian tv showing people with hands up against a window: URL
FALSE,6.55E+17,poll: @hillaryclinton pulls even with @berniesanders in new hampshire after debate URL URL
unverified,7.43E+17,"so now we know, orlando shooter was a gay, muslim, registered democrat. no wonder liberals are trying to blame the gun. #orlandoshooting"
FALSE,6.58E+17,"the father of steve jobs, the founder of apple, was a refugee from syria URL URL"
TRUE,6.15E+17,the white house tonight is illuminated in rainbow colors to honor and celebrate marriage equality. bravo! URL
unverified,7.79E+17,a black man who runs from police merely might be trying to avoid the recurring indignity of being profiled URL
unverified,7.15E+17,"update: donald trump advocates abortion ban and ""some form of punishment"" for women who have an abortion. URL - @msnbc"
TRUE,5.44E+17,"black islamic flag being held up in window of #lindt chocolate store in martin place, sydney - hostages inside. URL"
non-rumor,6.93E+17,"after eluding capture for years, 2 mafia bosses arrested in underground bunker in southern italy. URL"
non-rumor,6.92E+17,stiles (and the rest of us) just wants lydia to wake up on #teenwolf tonight at 9/8c: URL URL
TRUE,5.53E+17,"11 confirmed dead, francois hollande to visit scene of attack - latest from paris: URL URL"
non-rumor,6.93E+17,man’s anxiety not about to let depression muscle in on turf URL URL
unverified,6.49E+17,woman in hospital after confusing hair mousse with builder's foam: URL
non-rumor,6.94E+17,i haven't stopped watching #pillowtalk all weekend (and i'm not even sorry): URL URL
non-rumor,6.77E+17,"jeb bush: ""donald, you're not going to be able to insult your way to the presidency."" cheer from the audience #nprdebate"
unverified,6.52E+17,one third of vegetarians eat meat when they get drunk | URL URL
TRUE,5.44E+17,"ray hadley says he spoke with hostage, and could hear the gunman in the background barking orders and demanding to go live on air"
unverified,6.40E+17,plastic bag use in wales has dropped by 71 per cent since the 5p charge was introduced URL URL
unverified,7.28E+17,payments to hard drive destruction company... URL
TRUE,6.29E+17,"whole foods called out for selling $6 ""asparagus water,"" water with stalks of asparagus in it URL URL"
unverified,7.24E+17,niagara falls turned purple on the day prince died: URL URL
TRUE,6.50E+17,the vatican insists pope francis’ encounter with kim davis was not endorsement of her views URL URL
TRUE,5.44E+17,prime minister tony abbott's statement on the #sydneysiege. updates: URL URL
TRUE,6.50E+17,"vatican official says there is ""a sense of regret"" that pope francis met with kim davis: URL URL"
non-rumor,6.88E+17,remembering the talented singer aaliyah on what would have been her 37th birthday: URL URL
unverified,7.02E+17,study concluded that the clinton camp has “no statistical basis” to back claims that it won latino vote in nv. URL
non-rumor,6.93E+17,email: michigan officials gave bottled water to state employees a year before flint residents got it URL
FALSE,6.54E+17,hey @cnnpolitics @cnn where did this poll go? apparantly a lot of people like @berniesanders. you should report that URL
unverified,7.42E+17,"because the orlando shooter who murdered gay people was a registered democrat and muslim, the media is going silent. URL"
TRUE,6.16E+17,"just a crow riding an eagle, nbd. URL URL"
FALSE,6.13E+17,"gop candidates, lawmakers return donations made by leader of racist group cited in dylann roof's manifesto: URL"
TRUE,5.53E+17,breaking: 10 reportedly shot dead at paris hq of french weekly charlie hebdo URL
unverified,6.98E+17,nevada focus group of #pbsdebate says @berniesanders won tonight's debate by a 25 to 9 margin.
unverified,7.15E+17,a trump campaign strategist just quit and wrote this amazing open letter about why: URL
unverified,7.60E+17,pray for parents and school leadership to have wisdom to refuse these after school satan clubs! URL
non-rumor,6.92E+17,"london jury acquits five out of six brokers who were on trial, accused of manipulating the libor interest rate URL"
FALSE,6.72E+17,"obama: ""we have a pattern now of mass shootings in this country that has no parallel anywhere else in the world"" URL"
non-rumor,6.87E+17,governor whose marriage would have been a crime 50 years ago: we've never had racist laws URL URL
non-rumor,7.67E+17,"olympics: us women win basketball gold for 6th consecutive olympics, routing spain in final. URL URL"
non-rumor,6.94E+17,nasa's curiosity rover sends back a selfie from a sand dune in mars: URL URL
FALSE,6.24E+17,nasa confirms earth will experience 15 days of complete darkness in november 2015 URL
unverified,7.57E+17,victoria woodhull ran for us president 144 years before hillary clinton 📻 URL URL
unverified,7.29E+17,afa' rios: target's transgender bathroom policy is 'push from the left to deconstruct the family' URL via @breitbartnews
non-rumor,6.93E+17,the lion’s share of collaborative work tends to fall on women. and it's exhausting. URL URL
FALSE,6.67E+17,remember the man who killed four marines in chattanooga? he was a refugee. URL
TRUE,5.25E+17,#breaking news: shots fired at parliament hill. follow developing story: URL URL
TRUE,5.25E+17,ctv news confirms that canadian authorities have provided us authorities with the name michael zehaf-bibeau in connection to ottawa shooting
FALSE,6.47E+17,"poll: @hillaryclinton trails @berniesanders in new hampshire, even without @vp in the race URL URL"
unverified,7.80E+17,"well, this is a new one: chelsea clinton implies that marijuana can kill you. 2016, y’all. URL #mmot #p2 #tcot #tlot"
unverified,7.24E+17,niagara falls turned purple on the day prince died: URL URL
FALSE,6.31E+17,did a real life 'fallen angel' just fall from the sky in london? URL
FALSE,6.57E+17,10 'back to the future' predictions that came true URL URL
TRUE,6.74E+17,1.15 million americans have been killed by guns since john lennon's death URL
non-rumor,7.67E+17,"a boy dies after being bitten by a dog in essex, with a woman arrested for allowing a dog to be out of control URL"
TRUE,6.17E+17,a crow tries to fight an eagle—gets a free ride instead: URL
non-rumor,6.94E+17,keeping vanessa hudgens in our thoughts. her dad greg died last night from cancer: URL URL
TRUE,6.15E+17,white house set aglow with rainbow pride URL | ap photo URL
non-rumor,6.94E+17,kate winslet congratulating leonardo dicaprio after his #sagawards win is everything 💕 URL URL
TRUE,5.25E+17,the gunman in ottawa has been shot and killed. i'm at a loss for words this morning. that isn't my canada.
TRUE,6.41E+17,"judy carne, ""laugh-in’s"" ""sock it to me"" girl, dies at 76 URL URL"
non-rumor,6.93E+17,it's gregg popovich's 67th birthday and there's one thing we know he's not doing tonight. URL
TRUE,6.15E+17,the white house bathed in rainbow #scotusgaymarriage URL
non-rumor,6.93E+17,nfl: diagnosed concussions rose by nearly 32 percent this season. URL URL
non-rumor,6.93E+17,"watch zayn malik's surreal ""pillowtalk"" video, featuring gigi hadad URL URL"
TRUE,5.25E+17,this is the soldier who died today at the #ottawa war memorial. his name is cpl. nathan cirillo. #rip #ottawastrong URL
unverified,7.55E+17,ohio police officer hospitalized after eating shards of glass in sandwich from columbus restaurant blackliesmatter URL
non-rumor,6.93E+17,.@potus reflects on the importance of taking his daughters to visit the @holocaustmuseum. #holocaustremembranceday URL
unverified,7.08E+17,developing: president obama will be attending sxsw festival instead of nancy reagan's funeral. URL
TRUE,6.15E+17,see the white house light up as a rainbow to celebrate gay marriage URL URL
unverified,7.66E+17,"remember when trump said ""laziness is a trait in blacks."" URL URL"
non-rumor,6.88E+17,harry potter fans are posting incredibly moving tributes to severus snape and alan rickman: URL URL
TRUE,5.45E+17,police confirm that #sydneysiege is finally over. two people reportedly injured after suffering gunshot wounds URL
unverified,7.49E+17,obama cuts military pay 4third year in a row #isis 2nd terrorist attack in a week #wakeupamerica r u ok w this? #2a URL
TRUE,5.44E+17,#breaking reports two customers and an employee have escaped the #sydneysiege URL
non-rumor,6.89E+17,"us imposes sanctions on iranian companies and individuals over missile programme, after lifting of nuclear sanctions URL"
TRUE,6.15E+17,white house set aglow with rainbow pride URL | ap photo URL
non-rumor,6.94E+17,"ooh, baby! icymi: dickie v loved this reverse dunk by freshman phenom ben simmons. URL"
non-rumor,7.68E+17,.@realdonaldtrump slams @hillaryclinton: “the job of an elected official is to serve the citizens of the u.s.” URL
TRUE,5.25E+17,soldier shot at national war memorial in ottawa URL #cdnpoli #hw
non-rumor,6.66E+17,eiffel tower displays colors of france's flag to pay tribute to victims of #parisattacks: URL URL
non-rumor,6.93E+17,"tyronn lue, the east all-star coach, has coached 3 games. his west counterpart, gregg popovich? 1,538 games. URL"
non-rumor,6.89E+17,"when americans are freed and reunited with their families, that’s something we can all celebrate. —@potus URL"
non-rumor,6.76E+17,war has come again in the #the100 season 3 trailer URL @cwthe100 @miselizajane @wildpipm URL
non-rumor,6.94E+17,"michael oher got a text from cam newton during the offseason. now, they prepare for #sb50: URL URL"
unverified,6.50E+17,this woman mistook builders’ foam for hair mousse URL URL
unverified,7.07E+17,president obama to skip nancy reagan’s funeral in order to attend south by southwest: URL URL
unverified,7.16E+17,bernie sanders has won the nevada caucus #nvcaucus URL
TRUE,5.25E+17,"#isis media account posts picture claiming to be michael zehaf-bibeau, dead #ottawashooting suspect. #canada URL"
unverified,7.45E+17,causes of death in usa in 2016 (through june 15) URL
non-rumor,6.90E+17,"president putin ""probably"" approved ex-russian spy alexander litvinenko's assassination in 2006, inquiry finds URL"
non-rumor,7.68E+17,#donaldtrump's son spoke about his father's decision to visit flood-damaged louisiana while pres. obama played golf. URL
TRUE,6.15E+17,white house lit in rainbow colors following us supreme court ruling that same-sex couples have right to marry. URL
unverified,6.54E+17,"beat the 5p bag charge by #winning 1 of 5 cute lambrini shopping bags - rt & follow to enter! 18+, t&cs apply URL"
TRUE,5.53E+17,eleven dead in shooting at paris offices of satirical magazine charlie hebdo – live updates URL
TRUE,6.15E+17,white house lit in rainbow colors following us supreme court ruling that same-sex couples have right to marry. URL
unverified,7.02E+17,new analysis from @wcvi: sanders won the latino vote in nevada. URL
non-rumor,6.94E+17,"anne frank's stepsister says trump ""is acting like another hitler"": URL URL"
TRUE,6.50E+17,"breaking news: pope francis’ encounter with kim davis wasn’t an endorsement of her views, the vatican says. URL"
unverified,7.63E+17,hillary surroagte bob beckel calls for assassination of julian assange URL
non-rumor,6.88E+17,iran announces that washington post reporter jason rezaian and three iranian americans have been freed from prison URL
TRUE,5.25E+17,"#rcmp to hold news conference on #ottawa shootings at 2 pm et, 11 am pt. watch live coverage @ URL"
unverified,7.12E+17,keith richards 'once pulled a knife on donald trump' says rolling stones' ex-event promoter URL URL
TRUE,5.44E+17,"local media: 3 people appear to escape from martin place, sydney, café, amid hostage situation - @abcnews URL"
non-rumor,7.66E+17,"oil tanker hijacked off malaysian port of kuantan and taken into indonesian waters, malaysian maritime officials say URL"
non-rumor,6.91E+17,'plane wreckage' found in thailand prompts speculation it might belong to malaysian airlines flight mh370 - reuters URL
unverified,7.05E+17,"tons of people searching ""how to move to canada"" following trump, clinton wins URL URL"
unverified,7.56E+17,ohio police officer served sandwich containing shards of glass – officer has been hospitalized - #rncincle URL
unverified,7.43E+17,gay muslim democrat terrorist threatened to kill his classmates. when he was 10. but nra or something. URL
TRUE,6.15E+17,"watch live: as sun goes down, white house lights up rainbow colors to celebrate scotus ruling URL URL"
TRUE,6.15E+17,the white house goes rainbow to celebrate supreme court marriage ruling URL URL
TRUE,5.44E+17,"#breaking hostages held inside sydney cafe, islamic flag held up"
non-rumor,6.65E+17,breaking: five explosions heard near bataclan concert hall in paris: reuters witness URL
unverified,7.33E+17,here's an interesting look at $tgt target's stock price since it implemented it's transgender bathroom policy... URL
non-rumor,6.93E+17,audio recordings reveal cpr started 11 minutes after staff found gynnya mcmillen URL URL
TRUE,6.51E+17,pope francis expected to fire the archbishop who tricked him into meeting kim davis URL
unverified,7.28E+17,surprise! => @target stock drops since #transgender bathroom policy URL URL
TRUE,6.67E+17,anne frank was a refugee denied entrance to the united states URL #syrianrefugees URL
TRUE,5.25E+17,only photo i will tweet. cpr being performed on the soldier now. i heard four shots. #ottawa URL
TRUE,6.69E+17,that superman poster is legit: URL URL
non-rumor,6.93E+17,"tim allen compares clintons to herpes: 'just when you think gone, they show up again'... URL"
unverified,7.78E+17,will ny ag investigate clinton campaign credit card fraud re elderly donors? URL URL
unverified,7.15E+17,open letter to trump voters from his top strategist-turned-defector - amazing first person account URL via @xojanedotcom
non-rumor,6.90E+17,"“seven years ago, auto sales hit a 27 year-low. last year, they hit an all-time high.” —@potus #madeinamerica URL"
unverified,7.29E+17,the retail giant has taken huge hits as consumers react to their misguided bathroom policy. URL URL
TRUE,5.25E+17,breaking news: soldier shot at national war memorial in ottawa URL
TRUE,6.28E+17,whole foods tests the limits of yuppie diet fads with new $6 asparagus water - URL URL
non-rumor,6.90E+17,"7 years ago today, @potus was sworn into office. here's a look at how far we've come since. URL"
non-rumor,7.67E+17,it’s a three-peat! team usa routs serbia 96-66 to win its third-straight and 15th basketball gold medal. URL
non-rumor,7.67E+17,wow. anthony johnson's knockout win is the 3rd-quickest finish in @ufc light heavyweight history (0:13). #ufc202 URL
non-rumor,6.90E+17,.@potus ✓ spinach ✓ some adorable kids ✓ and an #mlkday service project. watch: URL URL
non-rumor,6.92E+17,check out new steps we're taking to expand access to meals for the kids who need it most: URL URL
TRUE,5.53E+17,"france: 10 people dead after shooting at hq of satirical weekly newspaper #charliehebdo, according to witnesses URL"
TRUE,5.53E+17,paris manhunt: 3 #charliehebdo attackers with ak-47 rifles & reportedly rocket-propelled grenade still at large URL
unverified,7.16E+17,"hearing that bernie sanders flipped clark county in nevada at state convention, may have won the entire state #feelthebern"
unverified,7.07E+17,obama skipping nancy reagan's funeral to attend sxsw URL URL
unverified,7.81E+17,chelsea clinton implies here that marijuana can kill you. uhh URL
TRUE,5.53E+17,french police: said kouachi and cherif kouachi wanted in paris terror attack: URL URL
TRUE,5.44E+17,#breaking: hostages are being held and a siege is taking place at sydney's lindt chocolat cafe in martin place.
non-rumor,7.68E+17,".@stephenfhayes: ""this is about hrc having made repeated representations that have turned out to be false."" URL"
non-rumor,6.93E+17,"in asu's curtain of distraction, michael phelps brought out his gold medals and speedo to do the trick. it worked. URL"
TRUE,5.44E+17,hostages in sydney cafe made to hold up islamic flags URL
TRUE,6.15E+17,the white house is lit like a rainbow tonight in honor of the #scotusmarriage ruling. URL
TRUE,5.80E+17,"#germanwings ""sorry to confirm"" 144 passengers & 6 crew on board flight #4u9525 when it crashed in french alps URL"
unverified,7.24E+17,purple reign! landmarks light up for prince after his sudden death 💜 #princerip URL
TRUE,5.54E+17,#charliehebdo killers shot dead by police
unverified,6.40E+17,the insane reason why chinese drivers intentionally kill pedestrians they hit — via @slate URL URL
non-rumor,6.89E+17,we have now cut off every single path that iran could have used to build a bomb. —@potus #irandeal URL
unverified,7.79E+17,hillary overcharges poorest campaign donors @lindasuhler @realdrgina @girlsfortrump @cinderella2b @kamvtv #us #usa🇺🇸 URL
TRUE,5.44E+17,first photos: hostage pressed against a window. #sydneysiege URL
non-rumor,6.88E+17,study: minimum wage increases haven't hurt the restaurant industry. URL
unverified,7.43E+17,people blame the massacre in orlando on the nra. newsflash: the orlando shooter wasn't a nra member... but he was a registered democrat.
unverified,6.53E+17,study finds over a third of vegetarians eat meat...when drunk! URL URL
TRUE,6.29E+17,whole foods' selling asparagus water is a sign the end times are near URL URL
non-rumor,6.92E+17,#teenwolf starts in 5 minutes! rt if you're watching + tweeting + crying + screaming with @mtvteenwolf & me! URL
unverified,7.28E+17,caitlyn jenner will pose nude on the sports illustrated cover. her balls will be censored by a sad michael jordan face.
TRUE,5.25E+17,"the university of ottawa, just a five minute walk from the hill, is now on lockdown."
TRUE,5.53E+17,breaking charlie hebdo latest: 11 dead 10 wounded (five critical) two gunmen unaccounted for URL URL
unverified,7.28E+17,evidence destroyed? campaign made payments to hard drive and document destruction company URL #makeamericagreatagain
TRUE,5.44E+17,statement from prime minister tony abbott on sydney hostage situation. URL
TRUE,6.14E+17,theres' a double rainbow over the white house URL
TRUE,6.16E+17,"if they can light up the white house like a rainbow, it sure as hell better be red, white & blue for independence day."
non-rumor,6.90E+17,.@arianagrande just created a unisex fragrance named after her brother: URL URL
unverified,7.25E+17,twenty-five stories proving target’s pro-trans bathroom policy is dangerous URL
unverified,7.15E+17,"top trump strategist resigns, writes revealing open letter: URL"
non-rumor,6.57E+17,i’m celebrating #backtothefuture day by bemoaning the lack of hoverboards while ignoring the fact that my phone contains all human knowledge
non-rumor,6.92E+17,waiting for the new episode of #teenwolf like... URL
unverified,7.66E+17,"trump: dems ""failed and betrayed the africanamerican community” trump: “laziness is a trait in blacks, it really is"" URL"
TRUE,6.15E+17,bro there's either a black president in a rainbow whitehouse or i'm having the best trip ever
TRUE,6.15E+17,wow! what a way to end this historic day! URL #lovewins #loveislove #equalityforall #lgbt URL
TRUE,6.15E+17,white house shines rainbow-colored lights in honor of #scotus gay marriage decision #lovewins URL URL
TRUE,5.45E+17,"police seem relaxed, suggesting all hostages are out and gunman no longer a threat URL #sydneysiege"
unverified,7.07E+17,"‘president petty strikes again’: obama will reportedly skip nancy reagan’s funeral,,, ✅ URL URL"
non-rumor,6.44E+17,alert: tsunami advisory issued for southern california from 3-7 a.m. local time. stay away from ocean and shoreline. #cawx #tsunami
TRUE,5.54E+17,"breaking: two hostage situations in france are linked, paris prosecutor says"
unverified,7.15E+17,"just in: donald trump to @msnbc: ""there has to be some form of punishment"" for women who have an abortion."
non-rumor,6.94E+17,unstoppable! novak djokovic is now a perfect 6-for-6 in australian open finals after his win over andy murray. URL
unverified,7.15E+17,"donald trump goes full anti-woman: ""punishment"" for women who abort URL URL"
non-rumor,7.64E+17,".@theweeknd donates $250,000 to black lives matter URL via @cnnent URL"
TRUE,6.15E+17,"there's a rainbow over the white house right now, just the same as when dublin had one the day ireland legalized URL"
non-rumor,6.93E+17,"meet quasimodo, the dog with the short spine URL URL"
TRUE,5.54E+17,"map shows industrial estate where 2 #charliehebdo suspects are holed up, surrounded by police URL URL"
unverified,7.52E+17,"should say ""labor unions aligned with @hillaryclinton"" stopped dems from saying no tpp-they don't speak for nurses URL"
unverified,7.12E+17,"keith richards 'once pulled a knife on donald trump', claims rolling stones' former promoter URL URL"
unverified,7.07E+17,"bachmann: obama ""classless"" for missing nancy reagan’s funeral URL URL"
non-rumor,6.93E+17,uk heterosexual couple who want to enter civil partnership rather than marry lose challenge at london's high court URL
unverified,7.44E+17,one of the men who wanted to copy the #orlando shooter was stopped in l.a. he was a liberal democrat and #berniebro. URL
TRUE,5.25E+17,senior u.s. official: canadian government has informed u.s. that one shooter is dead in ottawa. live blog: URL
unverified,7.79E+17,"black men may have cause to run from police, massachusetts high court says URL"
unverified,7.07E+17,"bachmann slams ""classless"" obama for skipping nancy reagan’s funeral URL URL"
unverified,6.51E+17,"local school art project titled ""candlelight"" URL"
unverified,6.57E+17,is your drug dealer charging you more because of the 5p bag charge? let us know! ring 101 now URL
non-rumor,6.93E+17,"breaking: canada has four recent cases of #zika, all from travelers: public health agency"
TRUE,6.24E+17,gay marriage ruling? white house in rainbow colors within hours. 4 murdered marines & a murdered sailor? 5 days to lower the flag. nice.
non-rumor,6.93E+17,let's not make the next two weeks about a 'black qb.' let's just talk about the greatness of this guy. -c. barkley URL
TRUE,6.15E+17,look: @whitehouse lights up in rainbow colors to celebrate #scotus same-sex marriage ruling URL
non-rumor,6.94E+17,meet our new fave celebrity couple: leonardo dicaprio and his vape pen URL URL
TRUE,6.15E+17,"watch live: as sun goes down, white house lights up rainbow colors to celebrate scotus ruling URL URL"
unverified,7.15E+17,"trump's top strategist, stephanie cegielski, has quit his campaign + just wrote an open letter to trump supporters: URL"
non-rumor,7.68E+17,study links clinical depression to getting dunked on URL URL
non-rumor,7.65E+17,my dad is in the air force and that inspired me to have my back up job be president —lily: URL URL
TRUE,6.19E+17,"obama 2008:""i support traditional marriage, christians vote for me"" obama 2015:""the white house is a rainbow. bring me my unicorn"" merica."
TRUE,5.53E+17,at least 11 dead in shooting at hq of #charliehebdo in #paris (police source) URL
unverified,7.64E+17,video : clueless hillary clinton calls for americans to respect and empathize with isis URL
unverified,7.42E+17,"orlando shooter, muslim, omar mateen was a registered democrat. URL"
non-rumor,7.68E+17,"of the 54 killed by young suicide bomber at wedding in turkey, 22 were under the age of 14. URL URL"
non-rumor,6.93E+17,icymi: a dog accidentally stumbled into the middle of a local half marathon ... and earned 7th place. URL
TRUE,6.67E+17,"the picture of a syrian child ""surrendering"" to a camera is real. URL URL"
TRUE,5.54E+17,#breaking : both charlie hebdo suspects killed as police storm building (police sources) URL URL
unverified,7.31E+17,a canadian teen didn't find a lost mayan city: URL URL
non-rumor,6.93E+17,iranian surveillance drone flies over u.s. aircraft carrier in persian gulf URL URL
TRUE,5.53E+17,"clarissa, 27 years old, police trainee of montrouge police in #france. victim of this morning's attack. via @_batou_ URL"
non-rumor,6.93E+17,orphanage saved by bikini car wash URL URL
non-rumor,6.94E+17,"vanessa hudgens' father, gregory hudgens, dies the night before ""grease: live"" URL URL"
unverified,7.15E+17,we must address the political marginalization and institutional racism affecting people of color. read my plan: URL
non-rumor,6.87E+17,"the guardian front page, tuesday 12 january 2016: david bowie 1947-2016 URL"
non-rumor,7.68E+17,powell: don't 'pin' this on me: ex-secretary of state rejects clinton claim he 'told her to use' email server URL
unverified,7.15E+17,"an open letter to trump voters from his top strategist: stop supporting him, he doesn't want to win URL"
unverified,7.28E+17,caitlyn jenner about to post nude for cover of sports illustrated.... 😳
TRUE,5.44E+17,"nsw police confirm 5 hostages have emerged from #sydneysiege and they are negotiating: ""it might take a bit of time"" URL"
TRUE,5.25E+17,breaking news: new york times is reporting the canadian soldier who was shot has died from their injuries. heartbreaking. #cdnpoli #ableg
unverified,7.02E+17,"the 2016 race: no, the polling doesn’t prove bernie sanders won the hispanic vote in nevada URL"
unverified,6.53E+17,5p!!! hell no!!!!!! #5pbagcharge 😵😵 URL
TRUE,5.53E+17,#charliehebdo - 11 dead including 2 police in paris shooting. photo @martinbureau1 #afp URL
unverified,7.07E+17,"obama to skip nancy reagan's funeral, as he did scalia's. this time, he'll be attending sxsw: URL"
non-rumor,6.93E+17,i almost started crying ... but i didn't want them to make me the crying face instead of jordan. --draymond green URL
TRUE,6.15E+17,the white house was lit up with rainbow lights to celebrate marriage equality: URL URL
TRUE,5.25E+17,#ripnathancirillo rt @globeandmail: soldier killed at war memorial identified as cpl. nathan cirillo #ottawashooting URL
unverified,7.66E+17,"#whiteliberalproverbs"" i'll have them n*ggers voting democratic for the next two hundred years"". lbj, founder of the modern welfare state"
non-rumor,7.68E+17,nothing to see here. just nuggets forward wilson chandler catching a 350-pound fish: URL URL
non-rumor,6.88E+17,jimmy fallon and sesame street characters photobomb families & it's seriously adorable: URL URL
TRUE,5.44E+17,"breaking news: gunmen take hostages at sydney cafe, wave islamic flag URL URL"
non-rumor,7.67E+17,"it's been 5 years since ""what makes you beautiful"" lit up our world like nobody else: URL URL"
TRUE,5.54E+17,"on israeli tv, an israeli woman speaks of her nephew,a mother with 6 month old baby, held hostage in the supermarket in paris. #jesuisjuif"
TRUE,5.44E+17,central sydney shut down by police amid ongoing hostage situation: URL
unverified,6.50E+17,5p bag charge fi dead #robthisengland URL
TRUE,5.44E+17,uber sydney trips from cbd will be free for riders. higher rates are still in place to encourage drivers to get into the cbd.
non-rumor,6.94E+17,what a rally for no. 1. oklahoma came back from 14 down and won 77-75 at lsu on this late jumper: URL
non-rumor,7.64E+17,"man armed with knife on swiss train starts fire - seven people hospitalised with knife wounds and burns, police say URL"
unverified,7.25E+17,"500,000 boycott target over trans bathroom policy... URL"
unverified,6.51E+17,"the best thing about the 5p plastic bag charge is that the cupboard next to my sink is now worth £672,348."
TRUE,5.53E+17,charlie hebdo shooting latest: 12 dead and gunmen still at large URL URL
unverified,7.23E+17,purple pain: landmarks across globe light up in fitting prince tributes #ripprince URL URL
TRUE,5.44E+17,a man believed to be the gunman filmed wearing a black headband inside the cafe URL URL
non-rumor,6.94E+17,"today's the day: if you don't have health insurance, make sure you #getcovered at URL now! URL"
TRUE,5.25E+17,shots fired on parliament hill after a man walked up with a gun. i'm locked in a security office on parliament hill
unverified,7.64E+17,layton police officer hospitalized after subway worker serves him meth and thc in his drink (video) URL
TRUE,6.16E+17,"woah, nature. URL URL"
TRUE,5.25E+17,recap: gunman shot dead inside parliament buildings; police believe there may be others on loose. cdn soldier shot earlier at war memorial.
non-rumor,6.87E+17,photos of the day URL URL
TRUE,5.44E+17,"hostage taker in sydney cafe demands isis flag and call with australian pm, sky news reports. URL #sydneysiege"
TRUE,5.25E+17,mps credit sergeant-at-arms for saving lives in parliament hill shootings URL URL
unverified,7.57E+17,"laziness is a trait in blacks, 1991 book quotes trump as saying: URL URL"
non-rumor,7.68E+17,"these louisiana politicians are demanding flood aid, but voted against sandy relief URL URL"
TRUE,5.53E+17,"update: 12 now confirmed dead in #charliehebdo attack in paris, @ap is reporting. story: URL (ap) URL"
non-rumor,6.94E+17,"at least 30 people killed in double blast near shia shrine of sayyida zeinab, south of damascus - syrian state media URL"
TRUE,5.44E+17,we can see people coming out a firedoor near the lindt cafe to waiting police. 2-3 people. hard to see. #sydneysiege
unverified,7.59E+17,hillary clinton is lying. clinton is not first woman nominated for president. it was victoria woodhull in 1872. to … URL
unverified,7.07E+17,"obama to skip nancy reagan’s funeral, attend entertainment festival instead URL URL"
non-rumor,6.93E+17,.@potus will make his latest push to advance equal pay for women today URL URL
TRUE,6.15E+17,white house lit in rainbow colors following us supreme court ruling that same-sex couples have right to marry. URL
non-rumor,6.93E+17,"we've devoted 24 pages to #batman v #superman, interviewing @zacksnyder, @benaffleck, henry cavill, @galgadot... URL"
non-rumor,7.67E+17,"‘i can’t do this anymore,’ think 320 million americans quietly going about day URL URL"
non-rumor,6.93E+17,we hope you're as excited about thursday as this kid was about lebron's easy basket: URL
unverified,7.33E+17,target says boycott over transgender bathroom policy isn't hurting sales URL
non-rumor,6.93E+17,french police still searching for woman who may have been accompanying 28-year-old man arrested at disneyland paris URL
TRUE,6.50E+17,an openly gay man said that he and his partner met with pope francis a day before kim davis did URL
non-rumor,6.93E+17,watch: tommy chong made a pro-bernie sanders video URL URL
non-rumor,6.94E+17,jeb bush campaign kicks off 3-state farewell tour with iowa town hall meeting URL URL
TRUE,5.44E+17,breaking: live coverage of hostage situation unfolding in sydney's martin place URL URL
unverified,7.60E+17,“after school satan clubs”? URL
unverified,7.80E+17,this network of tunnels is from the stone age however no one knows how they could've been constructed at the time URL
non-rumor,7.66E+17,"top north korean diplomat who disappeared from london embassy has defected to south korea, seoul confirms URL"